ts,avg_response_time,max_response_time,req_count,airline_count
2014-06-23 00:00:00,534.0935508,9991.398,61,19
2014-06-23 00:05:00,544.2323561,10151.809,52,19
2014-06-23 00:10:06,794.3455074,10066.576,48,18
2014-06-23 00:15:05,617.7176028,9994.707,53,18
2014-06-23 00:20:06,754.6731292,9970.566,52,19
2014-06-23 00:25:01,559.3482541,10102.135,50,19
2014-06-23 00:30:00,487.5989468,10080.012,60,18
2014-06-23 00:35:08,537.0749714,10007.275,55,18
2014-06-23 00:40:13,602.3796081,10066.397,50,19
2014-06-23 00:45:02,563.6651549,9831.494,58,19
2014-06-23 00:50:09,392.9676782,2518.412,59,18
2014-06-23 00:55:01,766.7177182,10168.763,51,19
2014-06-23 01:00:02,536.0095926,9832.857,48,19
2014-06-23 01:05:17,517.9076802,10013.91,53,18
2014-06-23 01:10:16,526.5414965,9930.3,48,19
2014-06-23 01:15:00,684.6484612,10079.862,58,18
2014-06-23 01:20:01,297.4630013,1666.097,49,18
2014-06-23 01:25:02,585.9446828,9837.931,52,19
2014-06-23 01:30:02,693.3016149,9944.486,54,18
2014-06-23 01:35:04,825.3467338,10021.708,57,19
2014-06-23 01:40:00,566.8203735,9997.692,57,18
2014-06-23 01:45:00,551.5157101,10110.898,43,18
2014-06-23 01:50:04,740.8661097,10085.089,55,19
2014-06-23 01:55:02,747.4910832,10089.784,53,18
2014-06-23 02:00:02,516.395362,10095.195,48,19
2014-06-23 02:05:03,570.7596931,9971.476,50,19
2014-06-23 02:10:04,384.5265478,1897.984,44,18
2014-06-23 02:15:00,566.903962,10053.266,43,17
2014-06-23 02:20:00,541.5494151,10014.827,58,18
2014-06-23 02:25:11,492.0931738,9962.121,58,19
2014-06-23 02:30:03,579.7473387,9954.762,55,19
2014-06-23 02:35:02,366.0812902,2460.748,48,18
2014-06-23 02:40:00,597.9639468,10136.135,57,19
2014-06-23 02:45:07,532.0955274,9887.896,52,18
2014-06-23 02:50:00,521.1600046,10112.448,58,19
2014-06-23 02:55:07,658.2580355,9903.028,48,18
2014-06-23 03:00:16,317.0083382,1739.944,59,18
2014-06-23 03:05:01,799.3348979,9934.917,43,17
2014-06-23 03:10:01,523.9428355,9954.578,54,19
2014-06-23 03:15:01,546.1889739,10070.265,57,18
2014-06-23 03:20:02,631.7885797,10054.439,57,18
2014-06-23 03:25:09,784.2161844,9956.737,49,19
2014-06-23 03:30:22,632.3199412,10036.774,57,18
2014-06-23 03:35:02,564.5890183,10061.199,55,18
2014-06-23 03:40:22,451.6823086,10058.576,52,17
2014-06-23 03:45:05,712.2855151,10099.594,57,19
2014-06-23 03:50:07,329.9209406,2741.044,52,17
2014-06-23 03:55:09,517.7669418,10090.23,55,19
2014-06-23 04:00:00,479.337467,10003.242,54,17
2014-06-23 04:05:00,546.2695594,9887.232,51,19
2014-06-23 04:10:03,543.3609796,9988.133,60,19
2014-06-23 04:15:06,472.6510612,10115.637,60,18
2014-06-23 04:20:07,488.9006134,10023.372,54,19
2014-06-23 04:25:04,361.3295352,2148.037,58,18
2014-06-23 04:30:10,474.1001571,9992.073,52,17
2014-06-23 04:35:00,739.681727,10151.593,54,19
2014-06-23 04:40:01,810.901475,10089.075,61,19
2014-06-23 04:45:03,439.5964345,10144.07,58,19
2014-06-23 04:50:05,782.9510687,10087.363,49,19
2014-06-23 04:55:00,575.3944893,9935.728,54,17
2014-06-23 05:00:00,490.4436992,9958.877,50,19
2014-06-23 05:05:01,720.5806842,10071.713,53,18
2014-06-23 05:10:02,461.2771868,9963.161,60,18
2014-06-23 05:15:00,876.9846001,10093.635,56,19
2014-06-23 05:20:03,444.351363,10082.767,57,17
2014-06-23 05:25:37,332.8332972,2442.513,50,17
2014-06-23 05:30:00,624.8747901,10119.15,65,19
2014-06-23 05:35:09,526.2285163,9906.753,64,18
2014-06-23 05:40:03,485.111378,10189.695,69,19
2014-06-23 05:45:00,534.8453075,10075.486,53,19
2014-06-23 05:50:12,748.4058206,10002.343,50,18
2014-06-23 05:55:08,530.5180763,10012.729,60,19
2014-06-23 06:00:06,508.2101718,10035.942,67,19
2014-06-23 06:05:03,522.2487465,10155.086,66,19
2014-06-23 06:10:06,327.8143734,1766.496,56,17
2014-06-23 06:15:00,557.2526802,9776.753,53,19
2014-06-23 06:20:03,433.512368,9971.946,69,19
2014-06-23 06:25:06,610.6164127,9861.02,57,19
2014-06-23 06:30:06,715.6715175,10080.44,59,17
2014-06-23 06:35:08,338.822326,1907.403,58,18
2014-06-23 06:40:04,645.7920911,10093.779,55,17
2014-06-23 06:45:02,640.2241879,10243.327,62,19
2014-06-23 06:50:12,682.8731801,10007.988,55,19
2014-06-23 06:55:03,341.7503075,2334.276,52,17
2014-06-23 07:00:03,513.1587079,9803.901,61,18
2014-06-23 07:05:00,302.9101761,2793.897,57,17
2014-06-23 07:10:00,496.5127424,9875.952,57,17
2014-06-23 07:15:05,447.9665244,10063.846,64,19
2014-06-23 07:20:04,611.9972933,10164.003,65,19
2014-06-23 07:25:00,631.9304056,10112.856,64,19
2014-06-23 07:30:07,415.2650985,2968.474,62,17
2014-06-23 07:35:02,978.9493761,10204.803,60,18
2014-06-23 07:40:05,344.9120987,2718.361,61,17
2014-06-23 07:45:00,500.4974207,10062.823,70,19
2014-06-23 07:50:00,517.5545401,9917.445,60,18
2014-06-23 07:55:05,372.053362,2678.363,58,18
2014-06-23 08:00:02,472.7866261,9922.536,58,18
2014-06-23 08:05:02,460.8762136,10007.79,61,19
2014-06-23 08:10:08,566.531926,9936.078,52,19
2014-06-23 08:15:07,620.755202,10047.473,68,19
2014-06-23 08:20:01,583.555981,10121.502,57,19
2014-06-23 08:25:02,549.2306376,10020.18,73,19
2014-06-23 08:30:09,649.9893451,10088.015,63,19
2014-06-23 08:35:01,438.0939383,9922.579,63,19
2014-06-23 08:40:06,322.1959216,2692.891,64,18
2014-06-23 08:45:04,472.1530937,10036.79,64,18
2014-06-23 08:50:01,614.1292396,10161.256,66,19
2014-06-23 08:55:01,303.4262602,2471.05,61,16
2014-06-23 09:00:03,781.2244716,10030.88,76,19
2014-06-23 09:05:26,440.2151927,10068.929,61,17
2014-06-23 09:10:03,578.3666618,9965.344,81,19
2014-06-23 09:15:00,711.4111367,10122.848,60,19
2014-06-23 09:20:02,679.5076772,10005.592,77,19
2014-06-23 09:25:03,376.807145,2353.404,69,17
2014-06-23 09:30:07,478.5417561,9899.479,68,19
2014-06-23 09:35:03,473.2340309,10178.956,71,19
2014-06-23 09:40:04,508.510891,10130.693,71,19
2014-06-23 09:45:03,329.6078308,2732.603,66,18
2014-06-23 09:50:00,427.778674,10073.937,66,18
2014-06-23 09:55:01,616.2661678,9868.065,68,19
2014-06-23 10:00:06,553.1684804,9958.39,68,18
2014-06-23 10:05:10,444.4790072,9971.988,61,17
2014-06-23 10:10:08,355.1734793,2517.295,73,18
2014-06-23 10:15:02,441.8823817,9980.568,69,18
2014-06-23 10:20:05,496.6170698,9827.725,68,19
2014-06-23 10:25:08,492.583087,9987.469,77,18
2014-06-23 10:30:01,465.6226491,10046.521,72,19
2014-06-23 10:35:08,575.3117762,10098.961,69,18
2014-06-23 10:40:00,318.2382253,2030.724,62,18
2014-06-23 10:45:07,702.1466457,9955.696,75,19
2014-06-23 10:50:08,297.2664713,2712.408,68,18
2014-06-23 10:55:06,656.6051191,10100.752,64,19
2014-06-23 11:00:02,450.375536,10053.528,75,19
2014-06-23 11:05:00,401.5958961,10062.669,68,18
2014-06-23 11:10:10,418.9979421,9714.2,65,17
2014-06-23 11:15:00,709.1257462,10053.95,83,18
2014-06-23 11:20:01,458.0690058,10070.276,64,19
2014-06-23 11:25:03,457.3783046,10061.092,71,19
2014-06-23 11:30:00,698.1206592,10224.663,73,19
2014-06-23 11:35:07,883.7941063,10154.046,71,19
2014-06-23 11:40:02,499.2442763,9809.928,72,19
2014-06-23 11:45:00,464.0516414,9917.114,57,17
2014-06-23 11:50:01,504.2713003,9945.393,66,19
2014-06-23 11:55:04,470.9900775,9829.93,75,19
2014-06-23 12:00:03,689.1690098,10131.335,76,19
2014-06-23 12:05:01,423.8476961,10012.303,73,18
2014-06-23 12:10:07,352.6635022,2129.008,60,17
2014-06-23 12:15:00,574.1793312,9939.357,69,17
2014-06-23 12:20:01,487.4920788,10035.42,75,19
2014-06-23 12:25:10,662.8523283,9927.529,65,19
2014-06-23 12:30:02,544.6977091,10119.152,72,17
2014-06-23 12:35:03,460.2955401,10083.148,82,19
2014-06-23 12:40:19,458.2059961,10074.802,75,19
2014-06-23 12:45:03,524.3238542,9983.392,70,19
2014-06-23 12:50:04,588.1951051,10043.877,75,18
2014-06-23 12:55:00,681.2955745,9962.992,68,19
2014-06-23 13:00:04,376.2800168,2411.877,61,18
2014-06-23 13:05:02,927.6243251,10089.286,72,19
2014-06-23 13:10:00,362.8814909,3085.79,65,17
2014-06-23 13:15:00,585.5616436,10045.397,86,19
2014-06-23 13:20:15,716.8972719,10121.239,71,18
2014-06-23 13:25:03,490.6607534,9988.978,63,19
2014-06-23 13:30:08,471.053469,9999.023,63,19
2014-06-23 13:35:14,503.0748107,9952.449,68,18
2014-06-23 13:40:05,526.065004,9835.941,64,19
2014-06-23 13:45:03,280.7854084,1832.201,66,17
2014-06-23 13:50:01,499.9179986,9825.377,63,18
2014-06-23 13:55:00,700.0363387,10014.494,70,18
2014-06-23 14:00:11,388.661522,2868.952,65,17
2014-06-23 14:05:04,632.0432551,9933.711,63,19
2014-06-23 14:10:04,500.6320252,9943.168,69,19
2014-06-23 14:15:00,390.5913771,10089.324,75,17
2014-06-23 14:20:05,521.0422175,9846.013,63,19
2014-06-23 14:25:02,418.4768763,10110.475,76,18
2014-06-23 14:30:10,639.9282622,10022.193,66,18
2014-06-23 14:35:10,402.7227229,2175.045,65,17
2014-06-23 14:40:04,600.849758,9971.642,73,19
2014-06-23 14:45:05,396.9601122,9837.458,71,18
2014-06-23 14:50:03,659.7258426,9978.046,65,19
2014-06-23 14:55:05,702.1936055,10001.609,67,18
2014-06-23 15:00:00,457.2661195,9993.143,64,19
2014-06-23 15:05:03,420.6645467,9889.374,57,17
2014-06-23 15:10:00,467.2082826,10014.037,65,19
2014-06-23 15:15:00,660.0687858,9894.695,65,18
2014-06-23 15:20:02,489.0361977,10103.292,70,19
2014-06-23 15:25:14,586.2157139,9975.034,62,19
2014-06-23 15:30:00,482.1548478,10013.132,72,19
2014-06-23 15:35:01,631.0533388,9977.672,67,18
2014-06-23 15:40:01,315.2710894,1646.287,55,18
2014-06-23 15:45:00,607.8730601,10186.6,62,16
2014-06-23 15:50:00,383.1613302,2269.302,64,18
2014-06-23 15:55:00,529.5829371,9906.849,68,19
2014-06-23 16:00:01,507.1173674,9943.452,69,18
2014-06-23 16:05:07,534.994602,9964.897,57,18
2014-06-23 16:10:03,441.4552183,9998.14,62,17
2014-06-23 16:15:14,513.4781639,10003.207,61,19
2014-06-23 16:20:00,529.7069781,10049.022,62,19
2014-06-23 16:25:01,326.0032244,3175.113,62,17
2014-06-23 16:30:01,780.5827125,10076.894,62,19
2014-06-23 16:35:02,454.1099537,10047.992,62,18
2014-06-23 16:40:00,425.2738591,10154.767,67,19
2014-06-23 16:45:00,314.1878239,1977.883,61,18
2014-06-23 16:50:03,502.9918278,10106.547,59,19
2014-06-23 16:55:02,637.1517664,10142.179,65,18
2014-06-23 17:00:09,614.4968899,9966.621,56,17
2014-06-23 17:05:06,333.9811432,2921.537,63,18
2014-06-23 17:10:00,477.0820193,9941.289,62,19
2014-06-23 17:15:02,703.4602003,9951.267,64,18
2014-06-23 17:20:05,690.3828716,10010.048,54,18
2014-06-23 17:25:01,733.9789762,10137.96,64,18
2014-06-23 17:30:01,568.8727871,10024.035,56,19
2014-06-23 17:35:00,359.3542453,2857.657,61,18
2014-06-23 17:40:09,727.1267798,9854.46,61,19
2014-06-23 17:45:06,676.5598623,9959.314,56,18
2014-06-23 17:50:03,603.4015445,9825.973,56,18
2014-06-23 17:55:05,638.4157712,9974.299,53,19
2014-06-23 18:00:04,428.9213273,10141.378,58,19
2014-06-23 18:05:02,682.6873124,10074.864,58,18
2014-06-23 18:10:03,755.8457563,10000.377,57,18
2014-06-23 18:15:01,508.7730843,9952.465,57,19
2014-06-23 18:20:10,645.2375771,9912.404,70,18
2014-06-23 18:25:05,501.8099797,9931.723,65,19
2014-06-23 18:30:06,437.7035389,10015.717,59,18
2014-06-23 18:35:00,702.8921849,10047.4,56,18
2014-06-23 18:40:02,655.644211,9949.413,57,19
2014-06-23 18:45:08,703.3356127,9971.691,59,18
2014-06-23 18:50:00,472.8716386,2669.803,61,18
2014-06-23 18:55:07,482.4874946,9964.236,55,19
2014-06-23 19:00:06,659.0947622,10013.62,55,17
2014-06-23 19:05:02,522.5375492,10104.305,60,19
2014-06-23 19:10:01,362.8227773,2562.591,53,17
2014-06-23 19:15:03,504.4302456,10058.238,58,19
2014-06-23 19:20:01,523.3907328,10116.023,58,19
2014-06-23 19:25:00,601.4998944,9975.274,54,19
2014-06-23 19:30:08,539.3357495,9890.653,55,18
2014-06-23 19:35:02,319.3050959,2965.612,53,18
2014-06-23 19:40:07,571.7686277,9912.576,51,19
2014-06-23 19:45:03,511.0591679,10138.108,55,18
2014-06-23 19:50:04,543.5798834,10017.35,54,18
2014-06-23 19:55:00,528.3366427,9803.251,53,19
2014-06-23 20:00:13,569.8626022,10055.339,53,19
2014-06-23 20:05:17,530.9977651,9982.196,50,19
2014-06-23 20:10:02,729.0475919,9923.915,56,19
2014-06-23 20:15:07,609.5013282,9942.416,52,19
2014-06-23 20:20:01,535.0936714,10032.905,48,18
2014-06-23 20:25:00,702.2744973,10020.594,54,19
2014-06-23 20:30:15,463.1752368,3099.232,51,18
2014-06-23 20:35:03,521.9991766,9850.667,56,19
2014-06-23 20:40:04,860.8713005,10026.2,59,19
2014-06-23 20:45:00,586.1921403,9993.396,47,18
2014-06-23 20:50:02,777.9406441,10044.964,56,19
2014-06-23 20:55:11,325.3218435,2389.668,51,16
2014-06-23 21:00:00,474.8624194,10077.135,57,19
2014-06-23 21:05:01,666.2081557,9995.504,57,18
2014-06-23 21:10:03,350.5237217,2693.356,54,18
2014-06-23 21:15:02,1014.555248,10031.132,48,18
2014-06-23 21:20:00,510.3401907,10018.526,54,19
2014-06-23 21:25:00,588.7348561,9851.614,55,19
2014-06-23 21:30:28,751.6924565,9993.566,53,19
2014-06-23 21:35:01,391.75482,2332.814,44,18
2014-06-23 21:40:00,492.2817608,10066.158,57,18
2014-06-23 21:45:05,543.8736654,10024.201,53,18
2014-06-23 21:50:04,643.2600972,10093.257,51,19
2014-06-23 21:55:04,706.8191872,9995.124,53,17
2014-06-23 22:00:03,362.1747246,2702.942,58,18
2014-06-23 22:05:02,507.9959567,9935.174,53,19
2014-06-23 22:10:00,536.3113185,10148.391,62,18
2014-06-23 22:15:08,976.3632247,10076.362,48,19
2014-06-23 22:20:11,523.4812003,10096.504,54,19
2014-06-23 22:25:13,542.1393453,10041.376,52,19
2014-06-23 22:30:18,363.9401245,2038.442,49,18
2014-06-23 22:35:11,901.8818092,10152.019,54,17
2014-06-23 22:40:03,504.8389289,10052.61,51,19
2014-06-23 22:45:08,742.8793871,10038.53,43,18
2014-06-23 22:50:03,718.6569405,9892.031,55,18
2014-06-23 22:55:01,694.1188004,9923.171,52,18
2014-06-23 23:00:00,732.3918699,10056.834,51,19
2014-06-23 23:05:04,662.8438146,10146.759,60,19
2014-06-23 23:10:01,540.1985764,10151.708,47,18
2014-06-23 23:15:01,591.0355721,9896.107,53,18
2014-06-23 23:20:06,545.591447,9905.932,51,19
2014-06-23 23:25:00,535.8562425,9896.266,44,18
2014-06-23 23:30:00,635.8623784,10061.443,60,19
2014-06-23 23:35:08,333.5363441,2172.583,52,18
2014-06-23 23:40:01,575.9021921,10210.533,58,19
2014-06-23 23:45:02,541.7890044,10029.947,48,19
2014-06-23 23:50:12,559.8172759,9964.018,53,19
2014-06-23 23:55:03,770.1799595,10057.963,55,18
2014-06-24 00:00:01,563.7117092,10035.453,51,19
2014-06-24 00:05:04,354.8485107,1484.27,51,17
2014-06-24 00:10:03,682.4960721,10124.317,46,18
2014-06-24 00:15:01,1006.897781,10135.759,49,19
2014-06-24 00:20:00,734.223401,9896.048,47,18
2014-06-24 00:25:02,918.8444596,10170.456,53,18
2014-06-24 00:30:03,737.4742119,9866.33,55,19
2014-06-24 00:35:05,720.4512291,9987.23,55,18
2014-06-24 00:40:01,747.5354002,10020.462,61,18
2014-06-24 00:45:04,935.5732143,10062.345,48,17
2014-06-24 00:50:02,660.8708755,10048.694,53,18
2014-06-24 00:55:00,310.3216375,1651.707,66,18
2014-06-24 01:00:05,581.0441331,10161.653,54,19
2014-06-24 01:05:01,561.8413435,9939.05,52,18
2014-06-24 01:10:02,694.1130537,10109.028,50,17
2014-06-24 01:15:21,573.2775133,10064.016,52,19
2014-06-24 01:20:00,519.4918264,9921.28,61,19
2014-06-24 01:25:08,493.2691609,2407.264,67,18
2014-06-24 01:30:11,706.0170172,10027.619,54,18
2014-06-24 01:35:04,619.4273512,10216.518,44,18
2014-06-24 01:40:06,550.012068,9806.005,57,19
2014-06-24 01:45:02,279.6768491,1683.091,60,18
2014-06-24 01:50:04,722.5995064,10039.077,50,19
2014-06-24 01:55:03,352.7055833,1466.665,46,17
2014-06-24 02:00:00,606.7927047,10128.803,52,18
2014-06-24 02:05:02,683.8600421,10085.433,60,19
2014-06-24 02:10:03,638.6935269,9993.07,46,19
2014-06-24 02:15:02,581.696523,10057.231,45,16
2014-06-24 02:20:08,554.126779,10059.23,53,19
2014-06-24 02:25:01,591.0737264,10034.265,45,18
2014-06-24 02:30:03,576.076072,10104.335,57,19
2014-06-24 02:35:00,515.8279343,9867.281,57,18
2014-06-24 02:40:02,493.3493646,10093.68,57,18
2014-06-24 02:45:16,727.9037287,9967.876,55,19
2014-06-24 02:50:07,607.5041561,10014.991,52,19
2014-06-24 02:55:12,316.5077964,1774.045,54,18
2014-06-24 03:00:03,516.3914333,10001.347,48,18
2014-06-24 03:05:01,537.4539154,9910.191,54,18
2014-06-24 03:10:05,325.9696726,2164.16,46,18
2014-06-24 03:15:18,481.1970052,10093.322,51,18
2014-06-24 03:20:02,829.917947,10048.466,51,18
2014-06-24 03:25:06,619.7440647,10175.001,60,19
2014-06-24 03:30:01,586.631208,10110.438,65,19
2014-06-24 03:35:02,620.4342044,10167.638,57,17
2014-06-24 03:40:03,375.2821517,2397.802,45,18
2014-06-24 03:45:01,488.7117537,10134.497,44,18
2014-06-24 03:50:01,553.4454121,9976.516,55,18
2014-06-24 03:55:08,512.276555,10080.802,52,18
2014-06-24 04:00:01,767.7710189,10050.607,52,17
2014-06-24 04:05:07,659.5559986,10159.195,59,19
2014-06-24 04:10:00,311.7917152,2876.609,46,17
2014-06-24 04:15:02,705.0326,10090.859,72,19
2014-06-24 04:20:19,706.1021303,10076.341,51,19
2014-06-24 04:25:03,500.4280891,9973.91,58,19
2014-06-24 04:30:01,544.3309067,9957.684,56,19
2014-06-24 04:35:10,540.8667475,10053.897,61,18
2014-06-24 04:40:03,732.9857325,10055.121,49,18
2014-06-24 04:45:11,571.1820031,10065.729,61,19
2014-06-24 04:50:06,549.0454735,10214.614,57,18
2014-06-24 04:55:12,381.9732076,2091.078,57,18
2014-06-24 05:00:02,709.6925904,10014.574,62,19
2014-06-24 05:05:03,483.7916221,9949.086,59,19
2014-06-24 05:10:08,511.2258463,9858.052,54,19
2014-06-24 05:15:02,466.7710092,9904.689,54,18
2014-06-24 05:20:16,518.7482794,9876.571,48,17
2014-06-24 05:25:03,488.5134714,10020.695,60,19
2014-06-24 05:30:06,630.7800337,9990.441,55,18
2014-06-24 05:35:01,753.5115329,9992.711,57,18
2014-06-24 05:40:02,629.1322613,10023.182,63,19
2014-06-24 05:45:00,594.9528798,10062.38,52,19
2014-06-24 05:50:03,747.2928639,9962.567,55,18
2014-06-24 05:55:09,363.0132854,2405.259,56,18
2014-06-24 06:00:03,575.1881326,9975.35,58,19
2014-06-24 06:05:01,485.8977288,10039.414,51,19
2014-06-24 06:10:02,586.6368296,9757.83,52,19
2014-06-24 06:15:01,680.9342533,10034.036,67,17
2014-06-24 06:20:04,551.6952398,10127.495,67,19
2014-06-24 06:25:06,529.3536521,9941.195,65,19
2014-06-24 06:30:00,380.0055813,3047.753,55,17
2014-06-24 06:35:12,474.1312745,10048.26,61,18
2014-06-24 06:40:06,539.426011,9864.504,60,19
2014-06-24 06:45:13,681.4535081,10129.847,55,18
2014-06-24 06:50:01,440.6233634,2461.306,63,18
2014-06-24 06:55:00,580.3981623,10048.361,57,17
2014-06-24 07:00:02,478.8815687,9907.829,70,19
2014-06-24 07:05:02,665.0182209,9987.663,60,19
2014-06-24 07:10:01,436.3700397,10188.209,54,19
2014-06-24 07:15:04,711.0420708,10040.102,59,19
2014-06-24 07:20:00,596.0539492,10031.97,67,19
2014-06-24 07:25:07,490.6593732,9956.853,58,18
2014-06-24 07:30:02,684.4827089,9928.561,62,19
2014-06-24 07:35:02,386.8099729,2892.412,75,17
2014-06-24 07:40:00,674.0410376,10074.594,65,19
2014-06-24 07:45:21,580.5639332,9872.977,50,17
2014-06-24 07:50:01,509.6232474,9978.665,69,19
2014-06-24 07:55:07,306.8258259,1799.182,63,18
2014-06-24 08:00:07,527.9969893,10047.735,66,19
2014-06-24 08:05:04,469.390666,9902.758,64,18
2014-06-24 08:10:03,668.5478715,9890.032,62,18
2014-06-24 08:15:00,483.3724501,9977.375,69,19
2014-06-24 08:20:05,580.2838788,9924.565,71,19
2014-06-24 08:25:00,295.783902,2849.089,51,16
2014-06-24 08:30:02,427.7181754,10060.556,66,19
2014-06-24 08:35:01,514.1645296,9877.15,65,19
2014-06-24 08:40:01,514.8518019,9945.783,60,18
2014-06-24 08:45:00,341.6082948,1891.525,68,18
2014-06-24 08:50:03,621.3049693,10259.332,72,18
2014-06-24 08:55:02,699.4325277,10000.097,62,19
2014-06-24 09:00:03,596.138145,10106.808,62,18
2014-06-24 09:05:04,492.3238445,9995.85,73,18
2014-06-24 09:10:01,725.9750982,10024.05,68,19
2014-06-24 09:15:01,332.1301155,2079.678,70,18
2014-06-24 09:20:03,665.9988439,10001.167,62,18
2014-06-24 09:25:02,461.9618503,10044.021,72,19
2014-06-24 09:30:06,501.310556,10155.75,61,18
2014-06-24 09:35:00,482.3852473,10158.372,66,17
2014-06-24 09:40:03,524.0811583,10013.697,60,18
2014-06-24 09:45:04,518.0259978,10060.831,63,17
2014-06-24 09:50:00,549.7448847,10051.44,77,19
2014-06-24 09:55:00,503.563534,10106.31,72,19
2014-06-24 10:00:06,754.4062448,10176.548,79,18
2014-06-24 10:05:04,485.166144,10068.605,65,19
2014-06-24 10:10:09,588.6589091,10155.684,73,19
2014-06-24 10:15:03,581.2601214,9785.861,60,18
2014-06-24 10:20:00,425.6491741,2874.869,62,17
2014-06-24 10:25:01,721.1064686,10071.896,68,19
2014-06-24 10:30:00,492.3037986,10092.73,76,19
2014-06-24 10:35:06,402.459475,2391.314,71,17
2014-06-24 10:40:11,457.1147692,10118.097,67,17
2014-06-24 10:45:00,496.5862985,10144.465,73,19
2014-06-24 10:50:06,474.0747699,9995.772,67,19
2014-06-24 10:55:02,511.4263038,10026.337,59,18
2014-06-24 11:00:00,482.6296019,10124.363,69,18
2014-06-24 11:05:09,402.2053032,9924.764,68,18
2014-06-24 11:10:04,302.6240922,2230.764,65,18
2014-06-24 11:15:00,522.26851,10242.339,72,19
2014-06-24 11:20:07,461.7424243,9754.548,68,19
2014-06-24 11:25:00,604.8142696,10035.915,76,19
2014-06-24 11:30:03,628.1248435,9968.357,72,19
2014-06-24 11:35:01,289.4856946,2143.741,72,18
2014-06-24 11:40:03,713.8245061,10083.468,79,19
2014-06-24 11:45:10,314.381851,2454.093,61,18
2014-06-24 11:50:01,530.9957885,10079.491,61,18
2014-06-24 11:55:18,459.7468928,9953.42,76,19
2014-06-24 12:00:01,503.3349339,9893.883,77,19
2014-06-24 12:05:03,501.5775779,9796.678,72,19
2014-06-24 12:10:13,437.8786534,10106.045,67,18
2014-06-24 12:15:08,720.1222631,10036.299,71,19
2014-06-24 12:20:01,471.3968155,9844.512,72,19
2014-06-24 12:25:01,858.6801525,10017.608,60,18
2014-06-24 12:30:11,446.8713197,9921.584,72,17
2014-06-24 12:35:09,388.8116214,2421.65,61,18
2014-06-24 12:40:08,537.5781682,10107.884,65,19
2014-06-24 12:45:03,294.7736138,1653.365,70,16
2014-06-24 12:50:08,490.351306,10068.757,65,19
2014-06-24 12:55:12,513.6748505,9740.372,59,19
2014-06-24 13:00:01,537.4016603,10047.353,77,18
2014-06-24 13:05:08,461.8617747,10097.125,71,19
2014-06-24 13:10:19,701.1079816,10095.184,63,17
2014-06-24 13:15:21,658.8248292,10051.676,68,18
2014-06-24 13:20:03,424.9428824,9978.704,68,19
2014-06-24 13:25:11,699.5336904,10177.166,68,18
2014-06-24 13:30:05,492.6504509,10010.356,72,18
2014-06-24 13:35:17,649.6548255,10035.658,67,19
2014-06-24 13:40:02,511.4641895,10002.164,68,19
2014-06-24 13:45:06,580.8037047,10300.733,74,19
2014-06-24 13:50:00,423.6214919,2438.722,59,17
2014-06-24 13:55:00,694.8347012,10001.85,71,19
2014-06-24 14:00:07,562.2718962,9993.814,70,19
2014-06-24 14:05:08,491.5141792,9946.995,62,19
2014-06-24 14:10:02,496.933255,9756.697,60,19
2014-06-24 14:15:01,452.2423668,10027.654,72,19
2014-06-24 14:20:00,439.0087756,9986.793,62,17
2014-06-24 14:25:02,466.4161962,9929.527,67,18
2014-06-24 14:30:07,538.0699137,10009.311,64,19
2014-06-24 14:35:05,359.9518782,2934.035,65,17
2014-06-24 14:40:01,577.5941185,9945.061,65,19
2014-06-24 14:45:13,307.777517,1956.083,64,18
2014-06-24 14:50:00,605.3364313,10049.188,66,19
2014-06-24 14:55:01,482.3577025,10061.516,69,19
2014-06-24 15:00:12,321.4091529,1651.534,66,17
2014-06-24 15:05:01,477.9912131,9903.104,59,19
2014-06-24 15:10:01,527.1631176,9860.735,62,19
2014-06-24 15:15:01,486.9331692,9872.784,71,18
2014-06-24 15:20:01,489.7232373,10125.731,61,18
2014-06-24 15:25:00,529.4243336,10111.925,62,19
2014-06-24 15:30:00,608.4065064,9998.003,69,18
2014-06-24 15:35:02,705.773152,9979.667,67,19
2014-06-24 15:40:04,437.2087196,9850.183,76,18
2014-06-24 15:45:03,459.0758409,9846.257,70,17
2014-06-24 15:50:00,441.3168881,9840.714,65,18
2014-06-24 15:55:05,302.9146876,2251.58,54,17
2014-06-24 16:00:10,682.6094938,10194.877,62,18
2014-06-24 16:05:01,445.4253388,10136.483,63,19
2014-06-24 16:10:02,617.1573952,10012.497,64,17
2014-06-24 16:15:07,804.2806921,10026.133,48,19
2014-06-24 16:20:09,493.763894,10096.923,58,18
2014-06-24 16:25:00,606.3031381,10154.739,74,19
2014-06-24 16:30:04,480.3372427,9892.241,58,18
2014-06-24 16:35:09,502.8931187,10085.569,71,19
2014-06-24 16:40:04,599.4455332,9915.792,62,18
2014-06-24 16:45:04,483.6702574,10115.798,66,19
2014-06-24 16:50:01,480.5271253,9927.015,60,19
2014-06-24 16:55:01,646.0937305,10079.842,66,18
2014-06-24 17:00:01,699.3782482,10051.568,60,19
2014-06-24 17:05:00,536.581257,9789.177,49,18
2014-06-24 17:10:08,704.4250573,9986.596,74,19
2014-06-24 17:15:02,436.9441647,9923.71,73,19
2014-06-24 17:20:05,461.8389253,9834.101,59,18
2014-06-24 17:25:10,510.3447062,9997.609,60,19
2014-06-24 17:30:10,693.3028055,10063.75,62,19
2014-06-24 17:35:01,489.1312272,10144.676,56,19
2014-06-24 17:40:02,593.1766187,10228.845,66,19
2014-06-24 17:45:01,527.0417213,10064.271,52,19
2014-06-24 17:50:00,695.8931755,9952.503,59,18
2014-06-24 17:55:00,528.387773,9946.382,63,19
2014-06-24 18:00:00,501.1257692,10090.957,60,17
2014-06-24 18:05:03,466.6275397,2788.272,54,18
2014-06-24 18:10:03,483.6051547,9979.677,57,19
2014-06-24 18:15:02,433.1374582,10087.749,61,19
2014-06-24 18:20:02,921.3429253,10105.64,57,19
2014-06-24 18:25:11,324.5968742,2590.608,56,17
2014-06-24 18:30:00,486.7004505,9921.713,58,19
2014-06-24 18:35:04,630.7042651,9973.461,60,19
2014-06-24 18:40:12,540.7684952,9964.466,61,18
2014-06-24 18:45:03,434.9043728,2617.577,56,18
2014-06-24 18:50:01,885.0558249,10060.553,55,18
2014-06-24 18:55:03,611.8527708,9902.5,65,19
2014-06-24 19:00:05,404.3297906,2071.607,53,16
2014-06-24 19:05:11,603.2862586,10067.58,58,19
2014-06-24 19:10:01,515.7589982,10038.959,57,19
2014-06-24 19:15:02,524.0694826,10161.024,53,18
2014-06-24 19:20:02,539.69171,9777.87,58,19
2014-06-24 19:25:01,747.2025849,10078.218,57,19
2014-06-24 19:30:04,539.6483612,9875.743,59,18
2014-06-24 19:35:06,576.9276364,10147.751,58,19
2014-06-24 19:40:01,502.8618695,9932.144,56,19
2014-06-24 19:45:02,528.329703,10028.677,48,17
2014-06-24 19:50:00,528.8480027,10015.995,54,18
2014-06-24 19:55:06,726.1703306,9908.588,59,19
2014-06-24 20:00:02,653.3519838,9986.659,53,17
2014-06-24 20:05:00,512.1776088,9828.335,56,19
2014-06-24 20:10:00,437.3103846,2505.847,52,18
2014-06-24 20:15:01,532.2555223,10045.972,55,19
2014-06-24 20:20:02,481.8792268,10010.648,60,17
2014-06-24 20:25:08,531.3429576,9880.689,58,19
2014-06-24 20:30:02,670.0696726,9898.531,52,19
2014-06-24 20:35:02,702.7738733,10066.672,54,19
2014-06-24 20:40:14,685.7374014,10195.688,56,18
2014-06-24 20:45:03,544.9692618,9999.047,49,19
2014-06-24 20:50:03,725.131469,10086.57,51,18
2014-06-24 20:55:02,609.634225,9930.932,53,19
2014-06-24 21:00:00,350.9034269,2329.91,51,18
2014-06-24 21:05:06,487.2341713,9817.554,57,19
2014-06-24 21:10:38,511.8071459,10018.203,49,19
2014-06-24 21:15:08,609.1818086,9961.671,48,19
2014-06-24 21:20:02,738.4348773,10024.16,57,18
2014-06-24 21:25:03,706.6188526,10291.155,62,18
2014-06-24 21:30:01,592.5204345,10037.069,51,19
2014-06-24 21:35:03,662.8011401,9977.195,53,18
2014-06-24 21:40:05,539.5738796,9953.096,53,17
2014-06-24 21:45:01,616.3285944,9918.29,52,19
2014-06-24 21:50:05,717.3306592,10088.941,52,17
2014-06-24 21:55:01,491.7403849,10001.379,57,19
2014-06-24 22:00:01,354.515418,2071.931,57,18
2014-06-24 22:05:01,494.2677951,10033.424,55,17
2014-06-24 22:10:00,557.8812388,10025.358,56,19
2014-06-24 22:15:01,552.9491166,10025.784,52,19
2014-06-24 22:20:12,1121.312619,10149.462,48,17
2014-06-24 22:25:01,537.1797815,10027.276,58,19
2014-06-24 22:30:01,528.8291601,9902.414,62,18
2014-06-24 22:35:02,515.1507609,9903.76,56,19
2014-06-24 22:40:04,657.6361966,10010.701,59,18
2014-06-24 22:45:15,481.4522462,2225.229,53,18
2014-06-24 22:50:03,637.7821731,9818.394,50,18
2014-06-24 22:55:01,517.9627928,9930.35,60,19
2014-06-24 23:00:03,749.5305966,10031.821,49,18
2014-06-24 23:05:00,644.6626096,9911.088,44,18
2014-06-24 23:10:02,513.276433,9956.675,55,19
2014-06-24 23:15:01,344.7086378,1669.771,44,18
2014-06-24 23:20:03,916.7629108,10146.953,53,19
2014-06-24 23:25:06,601.6564502,10083.047,48,18
2014-06-24 23:30:17,592.5657525,10001.695,63,19
2014-06-24 23:35:08,739.9919922,9994.521,43,18
2014-06-24 23:40:04,414.8091425,3126.285,55,18
2014-06-24 23:45:01,809.382794,10101.565,49,17
2014-06-24 23:50:06,643.2715037,9894.055,51,19
2014-06-24 23:55:00,372.2026365,1649.104,47,17
2014-06-25 00:00:01,895.730497,10018.837,53,19
2014-06-25 00:05:00,642.782162,9912.31,52,19
2014-06-25 00:10:20,285.9826992,1656.591,53,18
2014-06-25 00:15:01,861.3740002,10136.278,56,19
2014-06-25 00:20:10,573.2091874,9960.951,49,18
2014-06-25 00:25:09,550.0551194,9749.63,49,19
2014-06-25 00:30:01,593.0850153,9891.68,48,18
2014-06-25 00:35:03,503.5428912,9869.423,47,19
2014-06-25 00:40:00,442.6192325,2265.579,48,18
2014-06-25 00:45:01,771.146452,10140.914,45,18
2014-06-25 00:50:02,581.962048,10059.138,53,18
2014-06-25 00:55:26,548.9786833,10104.411,50,18
2014-06-25 01:00:10,492.8097794,10187.234,62,19
2014-06-25 01:05:02,474.0807012,9916.044,53,18
2014-06-25 01:10:00,811.0114553,9904.253,52,19
2014-06-25 01:15:02,565.4690246,10084.612,49,18
2014-06-25 01:20:03,526.2216794,10222.342,50,19
2014-06-25 01:25:08,562.5580374,10050.299,51,18
2014-06-25 01:30:13,730.4487615,10094.085,52,19
2014-06-25 01:35:20,393.3360017,2355.325,48,18
2014-06-25 01:40:21,554.8609045,9929.197,49,19
2014-06-25 01:45:19,507.1600912,10101.481,50,18
2014-06-25 01:50:26,749.2959677,10131.428,57,18
2014-06-25 01:55:13,312.6439101,2648.296,56,18
2014-06-25 02:00:00,624.6036824,9870.696,52,18
2014-06-25 02:05:08,477.3222419,10089.988,59,19
2014-06-25 02:10:03,538.7762246,10114.728,57,19
2014-06-25 02:15:04,767.0977495,10006.71,53,18
2014-06-25 02:20:07,326.7506425,1660.05,56,17
2014-06-25 02:25:03,560.0049828,9916.069,45,18
2014-06-25 02:30:06,494.4125852,9748.671,51,18
2014-06-25 02:35:09,338.7868023,2899.835,57,18
2014-06-25 02:40:06,742.8233454,10160.752,48,19
2014-06-25 02:45:03,538.1251052,9961.801,56,18
2014-06-25 02:50:02,460.4613849,9906.441,53,18
2014-06-25 02:55:07,436.5841739,2457.564,51,18
2014-06-25 03:00:02,500.7957806,9966.103,62,18
2014-06-25 03:05:08,472.6717252,9923.214,59,19
2014-06-25 03:10:05,452.1810976,3127.73,42,17
2014-06-25 03:15:00,648.2508056,10098.397,58,19
2014-06-25 03:20:00,585.4242861,10051.479,50,18
2014-06-25 03:25:01,305.5560356,1834.046,55,18
2014-06-25 03:30:01,703.4340181,9948.908,59,18
2014-06-25 03:35:11,622.4603524,10066.017,53,19
2014-06-25 03:40:00,559.4626406,10100.052,53,19
2014-06-25 03:45:08,766.514572,10152.322,54,17
2014-06-25 03:50:03,531.0366141,10016.255,52,19
2014-06-25 03:55:00,406.8355718,2727.718,49,18
2014-06-25 04:00:07,695.5121221,10169.84,55,18
2014-06-25 04:05:03,456.1157472,2752.767,63,18
2014-06-25 04:10:07,722.820067,10197.802,48,18
2014-06-25 04:15:11,640.6991114,9830.123,54,18
2014-06-25 04:20:02,471.665364,9945.963,65,18
2014-06-25 04:25:06,743.0469083,10045.372,55,19
2014-06-25 04:30:07,585.9903209,10061.164,60,19
2014-06-25 04:35:08,542.1129644,10322.336,58,18
2014-06-25 04:40:03,536.7967191,9932.654,59,19
2014-06-25 04:45:06,486.198141,10038.253,56,19
2014-06-25 04:50:02,507.728378,10091.383,55,19
2014-06-25 04:55:00,548.2286918,10067.327,58,19
2014-06-25 05:00:06,588.4830422,10019.198,59,18
2014-06-25 05:05:02,447.2325016,9967.223,65,18
2014-06-25 05:10:03,536.0967617,10007.568,58,18
2014-06-25 05:15:08,836.3060077,9953.669,62,19
2014-06-25 05:20:19,381.8096329,2330.925,60,17
2014-06-25 05:25:06,562.1969082,10050.149,51,18
2014-06-25 05:30:02,920.9818622,10083.797,54,19
2014-06-25 05:35:04,274.3509129,2128.074,46,17
2014-06-25 05:40:01,706.8913317,10026.057,68,19
2014-06-25 05:45:02,389.1819797,2242.871,54,18
2014-06-25 05:50:06,670.3001508,10016.858,55,18
2014-06-25 05:55:00,439.2983403,10059.402,60,18
2014-06-25 06:00:00,471.3510541,10024.106,59,19
2014-06-25 06:05:01,706.9198179,10034.328,55,18
2014-06-25 06:10:04,575.9628516,9905.106,58,19
2014-06-25 06:15:03,530.0680617,9874.697,66,19
2014-06-25 06:20:02,578.5420796,10117.847,59,19
2014-06-25 06:25:03,322.7229981,2223.577,56,16
2014-06-25 06:30:13,709.7423057,9950.561,52,19
2014-06-25 06:35:12,458.6566135,3327.933,49,15
2014-06-25 06:40:01,529.1961717,9947.818,56,19
2014-06-25 06:45:00,481.7277206,10088.947,67,19
2014-06-25 06:50:00,564.581078,10074.822,53,18
2014-06-25 06:55:05,553.8945302,9950.551,56,18
2014-06-25 07:00:00,334.1805053,2707.987,75,18
2014-06-25 07:05:05,473.7207446,10144.67,63,18
2014-06-25 07:10:01,518.8835845,10167.961,65,19
2014-06-25 07:15:00,477.3629919,9796.61,68,19
2014-06-25 07:20:02,503.5111691,9967.957,59,17
2014-06-25 07:25:06,302.4228157,2247.491,71,17
2014-06-25 07:30:05,513.0377656,10020.974,70,19
2014-06-25 07:35:03,580.6308222,9937.136,69,18
2014-06-25 07:40:14,497.1049038,9994.76,66,19
2014-06-25 07:45:00,650.9999872,10154.337,64,18
2014-06-25 07:50:05,537.7204404,10034.903,69,19
2014-06-25 07:55:10,479.6765208,10047.626,63,19
2014-06-25 08:00:00,606.5804441,9909.901,68,18
2014-06-25 08:05:01,443.6996763,10085.048,65,18
2014-06-25 08:10:00,626.3096315,9873.513,63,19
2014-06-25 08:15:03,427.5117234,2393.04,75,18
2014-06-25 08:20:01,472.4246612,10083.758,66,18
2014-06-25 08:25:01,487.8387459,10089.83,70,19
2014-06-25 08:30:12,492.8643588,9982.206,67,19
2014-06-25 08:35:04,277.3509302,1928.919,59,16
2014-06-25 08:40:02,655.0307399,10117.545,71,19
2014-06-25 08:45:01,713.0305688,10078.075,72,19
2014-06-25 08:50:05,513.9713384,9931.245,66,19
2014-06-25 08:55:04,573.989833,9958.494,52,17
2014-06-25 09:00:00,611.9068443,10018.076,67,19
2014-06-25 09:05:06,299.1177489,2278.643,60,17
2014-06-25 09:10:01,445.107812,9942.72,70,19
2014-06-25 09:15:01,523.3740646,9942.44,65,19
2014-06-25 09:20:02,501.7832833,9903.175,70,18
2014-06-25 09:25:06,423.7302644,9933.565,81,19
2014-06-25 09:30:03,637.2848521,10005.881,63,18
2014-06-25 09:35:01,455.2776894,9809.738,77,18
2014-06-25 09:40:03,438.4879872,9965.455,69,19
2014-06-25 09:45:13,472.8662983,9951.89,65,19
2014-06-25 09:50:00,493.7519172,9911.915,61,18
2014-06-25 09:55:06,607.0389542,10135.879,67,17
2014-06-25 10:00:00,329.8113982,2581.454,63,18
2014-06-25 10:05:12,491.4496854,9920.956,70,19
2014-06-25 10:10:01,515.3635378,10030.28,69,18
2014-06-25 10:15:03,563.0427409,9822.598,71,19
2014-06-25 10:20:04,461.8203187,9888.916,63,18
2014-06-25 10:25:03,387.0081423,2471.175,70,18
2014-06-25 10:30:01,633.2881718,10151.499,72,19
2014-06-25 10:35:00,426.1475605,9898.029,74,16
2014-06-25 10:40:08,444.4442948,2540.784,64,18
2014-06-25 10:45:07,651.6499075,10062.893,72,19
2014-06-25 10:50:07,448.8287515,9887.121,69,18
2014-06-25 10:55:00,494.2655043,10022.687,66,19
2014-06-25 11:00:02,832.9228585,10118.267,67,19
2014-06-25 11:05:06,495.6878127,9874.639,66,17
2014-06-25 11:10:00,709.0694748,9991.645,70,19
2014-06-25 11:15:00,668.7440086,10094.323,76,19
2014-06-25 11:20:01,558.9630425,9935.287,72,19
2014-06-25 11:25:01,559.7772103,9899.664,79,19
2014-06-25 11:30:02,448.1893041,9983.165,66,19
2014-06-25 11:35:03,431.2085508,10024.224,76,17
2014-06-25 11:40:04,471.3914155,9783.454,60,19
2014-06-25 11:45:00,452.7014837,10000.397,73,19
2014-06-25 11:50:01,608.9988825,10067.925,75,18
2014-06-25 11:55:09,478.6155766,2565.356,59,17
2014-06-25 12:00:06,455.6225426,10010.608,71,19
2014-06-25 12:05:09,755.745019,10024.055,71,19
2014-06-25 12:10:00,590.4870503,10049.282,77,19
2014-06-25 12:15:03,448.7683168,10273.609,64,17
2014-06-25 12:20:02,545.8142357,9936.941,70,19
2014-06-25 12:25:05,579.6520131,10093.635,68,18
2014-06-25 12:30:03,657.7399778,9972.72,64,18
2014-06-25 12:35:15,312.7542537,2509.932,66,18
2014-06-25 12:40:06,595.1297769,10052.364,67,17
2014-06-25 12:45:00,320.9144307,2518.912,68,18
2014-06-25 12:50:03,635.7393008,10036.317,69,19
2014-06-25 12:55:00,473.374394,9964.399,70,19
2014-06-25 13:00:00,489.0956992,9932.753,67,19
2014-06-25 13:05:00,471.6959686,10025.672,68,19
2014-06-25 13:10:02,642.2599183,10104.198,70,19
2014-06-25 13:15:03,499.0428233,10016.17,62,18
2014-06-25 13:20:00,290.9179959,2073.682,65,17
2014-06-25 13:25:00,471.1087018,10067.331,67,19
2014-06-25 13:30:03,460.1760546,9813.03,76,18
2014-06-25 13:35:01,477.2612285,9906.837,78,19
2014-06-25 13:40:05,789.5107169,10010.967,67,17
2014-06-25 13:45:05,737.235852,10051.505,81,19
2014-06-25 13:50:08,484.7789566,9991.916,66,19
2014-06-25 13:55:00,491.5196532,9979.234,66,19
2014-06-25 14:00:08,671.3067404,10113.015,66,19
2014-06-25 14:05:02,441.0034601,10281.903,66,17
2014-06-25 14:10:00,431.233102,3044.179,67,18
2014-06-25 14:15:05,459.2794016,10019.783,75,19
2014-06-25 14:20:00,508.4313638,9934.173,57,19
2014-06-25 14:25:04,463.7164331,10081.332,67,19
2014-06-25 14:30:00,443.0031533,10046.483,73,18
2014-06-25 14:35:05,534.2220488,9897.073,67,19
2014-06-25 14:40:19,478.2358292,9959.396,63,18
2014-06-25 14:45:08,423.4013181,3046.385,69,18
2014-06-25 14:50:13,573.6426174,10035.615,71,18
2014-06-25 14:55:09,320.0819516,2123.558,60,17
2014-06-25 15:00:02,514.9897514,10153.713,65,19
2014-06-25 15:05:00,519.5565243,10045.658,65,18
2014-06-25 15:10:07,447.3361998,9958.086,65,18
2014-06-25 15:15:00,524.9802045,10138.974,75,19
2014-06-25 15:20:04,316.3916352,2622.563,63,18
2014-06-25 15:25:03,499.9515513,10058.63,63,18
2014-06-25 15:30:06,551.5358434,9962.337,70,18
2014-06-25 15:35:01,595.5197014,9893.873,67,19
2014-06-25 15:40:00,811.2044651,10137.302,61,19
2014-06-25 15:45:00,303.4968088,2310.882,67,16
2014-06-25 15:50:01,780.2495706,10045.916,69,19
2014-06-25 15:55:01,530.189267,9998.795,67,18
2014-06-25 16:00:05,493.0687245,9838.247,58,19
2014-06-25 16:05:02,484.9923032,9984.903,70,19
2014-06-25 16:10:03,435.2394026,10126.443,98,18
2014-06-25 16:15:00,386.9820621,10124.447,179,19
2014-06-25 16:20:02,457.2876563,9976.4,60,19
2014-06-25 16:25:07,705.2212231,10087.203,56,18
2014-06-25 16:30:03,411.3956376,2429.639,63,18
2014-06-25 16:35:04,652.8396822,9988.315,62,18
2014-06-25 16:40:04,602.4241932,10090.954,63,18
2014-06-25 16:45:02,761.6833584,9971.554,66,19
2014-06-25 16:50:06,498.6973725,10030.067,68,18
2014-06-25 16:55:01,287.0671222,1930.859,66,17
2014-06-25 17:00:09,789.448914,10051.517,67,19
2014-06-25 17:05:00,463.0197396,9930.237,56,18
2014-06-25 17:10:06,507.8960894,10006.606,59,19
2014-06-25 17:15:01,528.9739549,9954.274,59,19
2014-06-25 17:20:09,487.8695755,10051.243,63,19
2014-06-25 17:25:16,494.966561,9995.035,50,18
2014-06-25 17:30:05,496.1006258,9673.704,64,19
2014-06-25 17:35:03,493.3432873,9911.278,64,19
2014-06-25 17:40:10,705.9408358,9947.068,63,19
2014-06-25 17:45:02,343.9430176,2288.967,56,18
2014-06-25 17:50:04,446.2021984,10066.586,65,19
2014-06-25 17:55:13,641.9091436,10169.291,63,19
2014-06-25 18:00:01,782.4086075,9964.814,64,18
2014-06-25 18:05:08,482.2988846,9954.781,67,18
2014-06-25 18:10:02,517.9146718,10001.785,60,19
2014-06-25 18:15:07,474.2111582,9922.948,65,19
2014-06-25 18:20:00,683.8318962,10159.056,58,19
2014-06-25 18:25:01,519.91676,9930.402,61,19
2014-06-25 18:30:04,546.6969437,10004.476,57,19
2014-06-25 18:35:00,566.6213523,9857.245,55,19
2014-06-25 18:40:01,492.7626201,10107.213,63,19
2014-06-25 18:45:01,673.7271865,9849.498,49,18
2014-06-25 18:50:00,361.4564718,2487.97,57,18
2014-06-25 18:55:03,721.0316816,10047.674,57,19
2014-06-25 19:00:04,317.583786,1704.921,56,18
2014-06-25 19:05:01,700.7539685,9937.274,56,17
2014-06-25 19:10:02,424.2598125,2403.441,43,18
2014-06-25 19:15:02,537.6592716,10007.947,56,18
2014-06-25 19:20:01,464.5146241,10095.604,52,18
2014-06-25 19:25:01,602.68295,10019.714,66,19
2014-06-25 19:30:01,502.506787,10110.169,52,19
2014-06-25 19:35:03,507.3673556,9881.738,60,18
2014-06-25 19:40:06,926.3356709,10008.562,51,18
2014-06-25 19:45:00,600.5292084,10165.036,57,19
2014-06-25 19:50:03,530.7711328,10001.9,47,19
2014-06-25 19:55:02,492.0151431,10118.679,61,18
2014-06-25 20:00:04,626.4666268,9915.643,66,19
2014-06-25 20:05:09,825.2810873,10075.314,58,19
2014-06-25 20:10:04,488.8409483,9947.876,59,19
2014-06-25 20:15:07,424.5363369,2432.898,56,18
2014-06-25 20:20:04,566.9487419,10053.491,57,19
2014-06-25 20:25:03,555.9466233,10020.933,52,19
2014-06-25 20:30:05,676.5451002,10200.964,54,19
2014-06-25 20:35:03,419.8898706,2463.049,45,17
2014-06-25 20:40:03,565.3039474,10019.268,46,19
2014-06-25 20:45:13,543.8474732,9865.229,52,19
2014-06-25 20:50:05,461.5264792,2555.273,52,17
2014-06-25 20:55:02,717.5442465,10066.059,46,19
2014-06-25 21:00:00,641.9518319,10015.426,61,19
2014-06-25 21:05:03,615.696162,10141.395,53,18
2014-06-25 21:10:03,595.6614482,10041.406,52,19
2014-06-25 21:15:00,696.328545,10106.733,52,18
2014-06-25 21:20:02,371.5166932,2193.404,52,18
2014-06-25 21:25:04,867.3194952,10105.452,56,18
2014-06-25 21:30:11,365.2893376,1977.963,50,18
2014-06-25 21:35:07,546.4890276,9965.978,51,19
2014-06-25 21:40:00,732.897663,10072.521,48,18
2014-06-25 21:45:01,461.470133,9961.435,57,19
2014-06-25 21:50:07,599.1038134,10073.226,55,19
2014-06-25 21:55:12,939.1677774,10145.308,51,19
2014-06-25 22:00:00,505.3991872,9949.303,52,19
2014-06-25 22:05:06,623.1666429,9870.302,56,19
2014-06-25 22:10:07,584.6784204,10081.068,51,19
2014-06-25 22:15:03,583.0385454,9908.132,49,19
2014-06-25 22:20:20,590.6795285,10017.837,49,17
2014-06-25 22:25:17,453.8916823,10023.631,54,19
2014-06-25 22:30:01,538.3889687,9939.025,57,18
2014-06-25 22:35:14,652.2223563,10056.285,48,19
2014-06-25 22:40:09,499.0378435,10000.652,48,17
2014-06-25 22:45:01,571.7311539,10064.836,52,18
2014-06-25 22:50:00,521.1305621,9959.095,53,19
2014-06-25 22:55:03,480.6371314,10169.551,52,19
2014-06-25 23:00:08,927.5024329,10132.416,57,19
2014-06-25 23:05:09,577.0255393,9867.001,48,18
2014-06-25 23:10:21,713.3839125,10040.325,48,19
2014-06-25 23:15:14,685.7926369,9912.705,50,18
2014-06-25 23:20:17,716.9521475,10023.993,50,19
2014-06-25 23:25:02,472.3890794,10057.067,56,19
2014-06-25 23:30:01,604.1691249,9896.969,47,18
2014-06-25 23:35:12,306.6093857,2726.019,52,16
2014-06-25 23:40:13,870.4943627,10059.784,60,19
2014-06-25 23:45:02,412.1768062,2574.672,51,17
2014-06-25 23:50:01,539.0752702,10073.962,51,19
2014-06-25 23:55:10,647.5929365,10055.842,54,18
2014-06-26 00:00:06,351.3136368,2077.454,52,18
2014-06-26 00:05:03,621.2298401,9966.965,51,18
2014-06-26 00:10:07,404.1477668,2472.884,43,18
2014-06-26 00:15:02,521.8717053,10222.192,53,17
2014-06-26 00:20:11,507.2552438,9999.415,57,19
2014-06-26 00:25:15,486.946122,9899.407,59,18
2014-06-26 00:30:01,369.1999774,2237.337,50,18
2014-06-26 00:35:00,475.0003293,10052.607,56,19
2014-06-26 00:40:05,715.9002594,10055.132,51,18
2014-06-26 00:45:01,691.8002493,10010.632,43,19
2014-06-26 00:50:00,532.5584463,9887.291,54,18
2014-06-26 00:55:03,512.612962,9993.084,56,18
2014-06-26 01:00:12,369.7842602,1958.843,53,18
2014-06-26 01:05:05,598.7915577,10122.139,51,19
2014-06-26 01:10:04,529.1042449,10013.791,54,19
2014-06-26 01:15:05,367.9280217,1816.264,46,18
2014-06-26 01:20:00,469.229033,9990.199,66,18
2014-06-26 01:25:00,788.4974473,10100.572,47,19
2014-06-26 01:30:10,564.8027734,10157.169,44,18
2014-06-26 01:35:02,646.1765646,10105.675,49,19
2014-06-26 01:40:01,300.7616519,1887.647,49,18
2014-06-26 01:45:03,619.8865723,10060.219,59,19
2014-06-26 01:50:12,420.2077811,2362.477,54,18
2014-06-26 01:55:09,734.1137952,10004.501,50,19
2014-06-26 02:00:07,570.829159,9892.177,43,18
2014-06-26 02:05:00,496.0217579,9951.689,56,19
2014-06-26 02:10:04,689.4268526,10250.288,46,18
2014-06-26 02:15:13,538.5841688,9857.485,55,19
2014-06-26 02:20:00,714.5709472,10230.258,51,19
2014-06-26 02:25:08,332.9821883,1730.331,42,18
2014-06-26 02:30:09,609.8666337,9964.708,52,19
2014-06-26 02:35:00,705.4759969,9964.076,53,18
2014-06-26 02:40:03,568.1071097,10029.054,54,19
2014-06-26 02:45:06,647.6838346,10180.69,56,19
2014-06-26 02:50:09,575.4707907,10039.336,57,19
2014-06-26 02:55:01,497.0780456,2664.885,47,17
2014-06-26 03:00:03,690.381502,10042.287,56,19
2014-06-26 03:05:01,516.7517374,9962.912,56,19
2014-06-26 03:10:02,481.262444,9869.263,51,18
2014-06-26 03:15:05,531.4437877,9916.895,59,19
2014-06-26 03:20:03,628.2548671,9924.843,56,19
2014-06-26 03:25:07,501.2581211,10028.277,51,17
2014-06-26 03:30:05,591.6564363,9967.63,50,19
2014-06-26 03:35:06,573.1429758,9836.979,59,19
2014-06-26 03:40:06,568.3049524,9955.981,57,18
2014-06-26 03:45:20,312.0669061,2468.612,53,17
2014-06-26 03:50:04,571.5578486,10209.477,55,19
2014-06-26 03:55:04,712.9013181,10166.162,51,19
2014-06-26 04:00:00,466.1200555,2447.414,55,17
2014-06-26 04:05:04,556.8048835,9918.129,61,18
2014-06-26 04:10:12,1175.309491,10128.943,53,19
2014-06-26 04:15:05,717.2070077,10049.919,50,18
2014-06-26 04:20:02,572.6350649,10171.26,58,19
2014-06-26 04:25:06,509.388025,9915.203,52,19
2014-06-26 04:30:02,487.0010984,10026.697,54,19
2014-06-26 04:35:02,392.3224929,2462.68,49,18
2014-06-26 04:40:06,776.5169491,9944.994,49,17
2014-06-26 04:45:00,693.4573265,10237.46,60,19
2014-06-26 04:50:12,498.8778926,10052.94,51,19
2014-06-26 04:55:04,433.0530212,3478.422,51,17
2014-06-26 05:00:00,555.0988469,10069.065,49,19
2014-06-26 05:05:10,616.9022362,10044.479,53,18
2014-06-26 05:10:08,673.5643598,10148.39,58,19
2014-06-26 05:15:05,712.8540922,9927.773,46,19
2014-06-26 05:20:00,544.5799821,9947.328,57,19
2014-06-26 05:25:05,393.3835314,9853.96,62,17
2014-06-26 05:30:06,345.5489612,2561.945,52,17
2014-06-26 05:35:01,611.9301198,9995.76,48,19
2014-06-26 05:40:01,524.4727369,9853.329,57,18
2014-06-26 05:45:00,551.2782718,10056.311,57,18
2014-06-26 05:50:00,650.065887,10028.762,56,18
2014-06-26 05:55:12,329.2329826,2217.516,54,17
2014-06-26 06:00:02,499.2973736,10135.422,70,19
2014-06-26 06:05:19,476.3568143,10176.488,58,19
2014-06-26 06:10:23,597.4538161,10028.264,50,19
2014-06-26 06:15:12,534.507672,9993.252,61,18
2014-06-26 06:20:07,364.1002646,2313.08,61,18
2014-06-26 06:25:31,685.3669883,10097.758,57,19
2014-06-26 06:30:04,414.6534748,10144.183,54,17
2014-06-26 06:35:09,502.729242,10016.983,64,18
2014-06-26 06:40:03,489.1380362,9950.836,60,18
2014-06-26 06:45:02,455.0047258,9727.621,59,19
2014-06-26 06:50:00,319.6915417,2077.038,63,17
2014-06-26 06:55:04,495.2893433,10102.927,58,17
2014-06-26 07:00:07,519.0290677,10061.549,56,19
2014-06-26 07:05:02,376.6127247,3125.558,73,18
2014-06-26 07:10:11,520.9142716,9956.796,66,19
2014-06-26 07:15:06,448.461438,10199.433,61,19
2014-06-26 07:20:04,572.7026177,9941.125,66,18
2014-06-26 07:25:01,524.9985649,10063.821,63,19
2014-06-26 07:30:13,498.9594827,9919.939,69,19
2014-06-26 07:35:08,374.3695256,2729.233,55,17
2014-06-26 07:40:16,670.9822439,10191.456,72,19
2014-06-26 07:45:01,538.9795687,10075.593,65,19
2014-06-26 07:50:02,510.4909962,10219.634,66,19
2014-06-26 07:55:00,659.1643682,9995.071,58,18
2014-06-26 08:00:03,562.5177368,9819.892,66,18
2014-06-26 08:05:02,524.4381652,10062.308,59,19
2014-06-26 08:10:06,371.5604576,2867.992,59,18
2014-06-26 08:15:05,534.3921824,10047.818,76,19
2014-06-26 08:20:15,459.7589424,10061.204,68,18
2014-06-26 08:25:17,303.5681568,1463.893,63,18
2014-06-26 08:30:00,565.138853,10106.096,64,18
2014-06-26 08:35:01,451.9946143,10087.664,62,18
2014-06-26 08:40:00,674.1837378,10068.208,81,19
2014-06-26 08:45:07,326.992888,2471.768,72,18
2014-06-26 08:50:05,415.0112211,10028.727,70,17
2014-06-26 08:55:01,750.1569093,10038.655,65,18
2014-06-26 09:00:05,483.9947053,10072.8,58,18
2014-06-26 09:05:00,736.3005727,10075.104,71,19
2014-06-26 09:10:09,675.1456965,10237.83,65,18
2014-06-26 09:15:02,453.1657831,9916.667,74,19
2014-06-26 09:20:02,504.7511285,10019.66,63,17
2014-06-26 09:25:07,459.1346956,10042.861,64,18
2014-06-26 09:30:00,459.2090512,9894.078,60,19
2014-06-26 09:35:02,556.0302358,10000.173,68,18
2014-06-26 09:40:00,307.6224582,2496.466,79,18
2014-06-26 09:45:01,598.7231229,10034.446,65,19
2014-06-26 09:50:05,399.628764,9908.194,66,19
2014-06-26 09:55:05,462.4860779,10038.956,64,18
2014-06-26 10:00:00,581.9698222,10028.574,73,18
2014-06-26 10:05:02,467.1752213,10056.191,70,19
2014-06-26 10:10:02,500.1917065,9949.281,71,17
2014-06-26 10:15:01,619.2888279,10025.9,73,18
2014-06-26 10:20:09,409.8977052,10038.337,78,19
2014-06-26 10:25:04,487.7413218,10039.41,66,19
2014-06-26 10:30:12,640.9416083,10156.143,65,18
2014-06-26 10:35:00,370.8826512,2963.502,69,18
2014-06-26 10:40:01,623.4849056,10081.824,68,18
2014-06-26 10:45:01,428.9150947,9891.532,66,19
2014-06-26 10:50:00,330.8066525,1865.389,72,17
2014-06-26 10:55:11,744.6125968,10169.183,71,18
2014-06-26 11:00:01,573.792766,9996.257,69,19
2014-06-26 11:05:00,568.7997514,9885.376,68,19
2014-06-26 11:10:00,626.5233,9911.213,66,19
2014-06-26 11:15:04,603.4232832,10076.022,69,18
2014-06-26 11:20:04,331.6338854,1664.729,69,18
2014-06-26 11:25:08,642.3469572,9964.845,68,18
2014-06-26 11:30:03,660.8065593,10043.948,72,19
2014-06-26 11:35:00,486.9212295,9926.464,69,19
2014-06-26 11:40:16,581.7139512,10054.042,64,19
2014-06-26 11:45:00,399.2958959,2977.571,58,18
2014-06-26 11:50:00,483.302894,10079.126,75,19
2014-06-26 11:55:00,466.4070831,10243.969,69,19
2014-06-26 12:00:05,484.3105139,10045.872,66,19
2014-06-26 12:05:04,481.9905914,9875.676,69,19
2014-06-26 12:10:04,610.3663173,9998.035,80,19
2014-06-26 12:15:00,528.5178184,9898.751,74,19
2014-06-26 12:20:05,550.0547116,10042.623,66,18
2014-06-26 12:25:02,467.7085533,9969.281,62,18
2014-06-26 12:30:01,384.6822965,3355.932,57,18
2014-06-26 12:35:04,453.0836563,10037.949,75,18
2014-06-26 12:40:04,480.2255659,10032.497,62,19
2014-06-26 12:45:05,321.8562433,1953.172,70,17
2014-06-26 12:50:07,779.9914356,9875.643,66,19
2014-06-26 12:55:03,762.7986484,10051.713,71,19
2014-06-26 13:00:03,300.9584304,2758.26,63,16
2014-06-26 13:05:03,591.5536332,10065.026,75,18
2014-06-26 13:10:00,519.1785314,9982.354,63,18
2014-06-26 13:15:00,607.6381549,10039.424,67,19
2014-06-26 13:20:06,454.0435035,9956.833,63,18
2014-06-26 13:25:04,262.5884713,1953.858,64,18
2014-06-26 13:30:07,714.297146,9961.155,66,18
2014-06-26 13:35:00,729.1424401,10093.418,68,18
2014-06-26 13:40:05,566.7885705,10131.856,69,18
2014-06-26 13:45:01,745.5078041,10153.509,84,18
2014-06-26 13:50:03,491.4073884,9720.572,60,19
2014-06-26 13:55:06,823.3410111,10232.019,66,18
2014-06-26 14:00:00,530.3816516,9876.48,73,19
2014-06-26 14:05:04,462.3536471,9959.246,62,17
2014-06-26 14:10:00,439.4840107,10098.897,65,18
2014-06-26 14:15:00,407.8324287,10012.107,64,19
2014-06-26 14:20:01,638.1923187,10208.05,59,17
2014-06-26 14:25:08,565.1165647,10142.322,72,19
2014-06-26 14:30:04,710.4064413,10055.644,61,19
2014-06-26 14:35:06,332.4573556,2576.827,59,17
2014-06-26 14:40:00,504.8272584,10020.79,62,18
2014-06-26 14:45:03,479.0915824,9921.646,66,19
2014-06-26 14:50:02,605.2364779,10018.616,69,19
2014-06-26 14:55:00,485.8294775,10067.249,61,17
2014-06-26 15:00:01,622.9240668,9956.396,63,19
2014-06-26 15:05:05,688.0595016,10050.632,69,19
2014-06-26 15:10:01,369.9885232,2074.41,63,17
2014-06-26 15:15:01,534.6983054,9971.514,75,18
2014-06-26 15:20:00,830.4051396,10116.443,78,18
2014-06-26 15:25:02,614.9558956,10057.287,64,19
2014-06-26 15:30:02,477.8182624,9950.197,66,19
2014-06-26 15:35:02,648.7083103,9904.529,58,19
2014-06-26 15:40:01,583.6035705,10123.801,73,19
2014-06-26 15:45:03,601.672372,10026.223,67,17
2014-06-26 15:50:01,456.0205272,9976.311,75,19
2014-06-26 15:55:06,518.813417,10062.116,60,16
2014-06-26 16:00:03,545.7571348,10017.535,68,19
2014-06-26 16:05:06,404.253954,2675.15,66,18
2014-06-26 16:10:01,573.8208509,10100.568,73,19
2014-06-26 16:15:03,483.8124612,10002.257,60,18
2014-06-26 16:20:06,554.3730781,10031.656,67,19
2014-06-26 16:25:05,810.0869337,10113.216,58,17
2014-06-26 16:30:01,499.483796,9926.062,62,19
2014-06-26 16:35:02,461.7673731,10130.4,63,19
2014-06-26 16:40:00,507.2691533,9943.103,63,19
2014-06-26 16:45:04,417.191668,10108.199,69,19
2014-06-26 16:50:06,481.6459476,10090.415,56,19
2014-06-26 16:55:00,521.003583,9996.861,57,19
2014-06-26 17:00:05,478.7806391,10055.747,61,19
2014-06-26 17:05:07,348.0778937,2051.22,57,18
2014-06-26 17:10:03,648.748909,10158.094,63,19
2014-06-26 17:15:01,358.0916602,2872.982,53,17
2014-06-26 17:20:04,648.6346435,10093.082,59,19
2014-06-26 17:25:04,663.9790087,9940.629,63,18
2014-06-26 17:30:01,343.1929109,2293.99,56,18
2014-06-26 17:35:16,574.2037364,9925.488,56,19
2014-06-26 17:40:07,624.9153395,10013.409,58,18
2014-06-26 17:45:01,592.2761805,9852.626,60,19
2014-06-26 17:50:02,481.5043104,10123.465,58,19
2014-06-26 17:55:08,524.665905,9938.419,61,17
2014-06-26 18:00:01,581.9990289,9971.44,51,19
2014-06-26 18:05:00,782.1835162,10118.745,63,19
2014-06-26 18:10:02,487.8332637,10025.087,61,17
2014-06-26 18:15:10,538.7553136,9946.59,56,19
2014-06-26 18:20:14,673.0230262,9993.069,51,17
2014-06-26 18:25:05,557.954862,10121.033,50,18
2014-06-26 18:30:15,388.1979845,1761.104,53,18
2014-06-26 18:35:05,529.4544261,9966.338,56,18
2014-06-26 18:40:02,439.5551355,10212.966,66,18
2014-06-26 18:45:02,703.2686984,9972.201,54,18
2014-06-26 18:50:02,486.5023626,10074.781,64,19
2014-06-26 18:55:18,526.6231135,10005.925,59,19
2014-06-26 19:00:03,529.2018357,9908.317,53,19
2014-06-26 19:05:00,494.7685023,9973.394,55,17
2014-06-26 19:10:06,531.5941244,9971.255,55,18
2014-06-26 19:15:02,295.4577551,2120.099,56,18
2014-06-26 19:20:03,664.0181381,10078.018,60,19
2014-06-26 19:25:02,299.5152252,2273.568,54,17
2014-06-26 19:30:01,736.2116314,10077.714,54,19
2014-06-26 19:35:01,386.1038554,2514.497,49,17
2014-06-26 19:40:11,537.4558536,10015.429,62,19
2014-06-26 19:45:08,511.2641469,9968.942,57,18
2014-06-26 19:50:08,557.4739193,9946.019,55,19
2014-06-26 19:55:01,488.5132087,9931.723,51,17
2014-06-26 20:00:05,548.2268933,10000.162,64,19
2014-06-26 20:05:16,577.9217777,9885.355,57,19
2014-06-26 20:10:03,554.8218067,10152.315,50,19
2014-06-26 20:15:02,560.0517617,9800.523,62,19
2014-06-26 20:20:03,632.167454,10111.713,53,18
2014-06-26 20:25:02,587.912168,9992.384,52,19
2014-06-26 20:30:01,525.2168342,9950.757,60,18
2014-06-26 20:35:01,493.3452154,9898.49,57,18
2014-06-26 20:40:01,483.2275578,9868.932,48,19
2014-06-26 20:45:00,856.7411831,10022.431,53,18
2014-06-26 20:50:06,618.5577062,10010.313,61,19
2014-06-26 20:55:00,540.8494638,10086.119,52,19
2014-06-26 21:00:07,525.1522855,9961.348,55,17
2014-06-26 21:05:00,581.9021048,10014.757,46,19
2014-06-26 21:10:01,517.165731,10092.894,58,19
2014-06-26 21:15:01,907.7665592,10028.221,52,18
2014-06-26 21:20:08,510.3861008,9845.529,54,18
2014-06-26 21:25:15,390.672806,2417.879,53,18
2014-06-26 21:30:12,593.9582758,9923.706,55,18
2014-06-26 21:35:04,490.5936681,9984.662,60,19
2014-06-26 21:40:04,853.2586145,10037.705,60,18
2014-06-26 21:45:04,685.9054795,10026.839,52,19
2014-06-26 21:50:03,523.7653532,10005.004,59,19
2014-06-26 21:55:00,411.7165498,2494.554,51,17
2014-06-26 22:00:02,504.015443,9972.157,66,19
2014-06-26 22:05:15,678.4162525,10066.256,49,18
2014-06-26 22:10:00,673.9253457,10008.349,57,19
2014-06-26 22:15:06,588.2335906,9979.676,45,19
2014-06-26 22:20:08,511.5558028,9927.541,56,18
2014-06-26 22:25:03,494.0000022,10034.41,59,19
2014-06-26 22:30:06,936.4076098,10293.215,53,19
2014-06-26 22:35:11,536.3056289,9883.004,57,19
2014-06-26 22:40:04,813.0880137,10103.361,59,19
2014-06-26 22:45:06,506.9878256,10138.688,49,18
2014-06-26 22:50:10,599.5100991,10040.509,50,19
2014-06-26 22:55:00,606.8261975,9961.588,66,19
2014-06-26 23:00:22,527.3553935,9994.181,45,17
2014-06-26 23:05:03,547.3871496,10021.629,52,18
2014-06-26 23:10:01,410.2735889,2319.7,56,18
2014-06-26 23:15:03,601.4504821,10019.627,49,18
2014-06-26 23:20:09,579.0061389,9932.415,51,18
2014-06-26 23:25:02,514.7978394,9940.553,46,19
2014-06-26 23:30:01,771.5393608,9975.016,59,19
2014-06-26 23:35:03,736.3411973,10124.95,57,19
2014-06-26 23:40:04,565.1024943,9935.138,54,19
2014-06-26 23:45:03,459.750765,9998.915,47,17
2014-06-26 23:50:02,440.8276274,3025.694,56,18
2014-06-26 23:55:00,473.7203504,10035.616,49,19
2014-06-27 00:00:12,477.1059459,10157.78,53,19
2014-06-27 00:05:00,795.233888,10154.629,48,19
2014-06-27 00:10:05,359.6351451,2849.174,56,17
2014-06-27 00:15:35,586.9327116,9928.031,51,19
2014-06-27 00:20:02,602.2406032,10050.871,50,19
2014-06-27 00:25:03,386.2722878,2186.704,49,17
2014-06-27 00:30:12,727.7584262,10183.866,52,19
2014-06-27 00:35:07,680.0513589,10116.818,56,19
2014-06-27 00:40:13,532.9394922,9914.975,48,18
2014-06-27 00:45:02,598.5825462,9978.235,50,19
2014-06-27 00:50:12,494.1231418,10129.936,54,19
2014-06-27 00:55:16,628.1649127,9919.294,47,18
2014-06-27 01:00:00,543.3430135,10000.633,48,19
2014-06-27 01:05:00,885.0346422,10200.679,54,17
2014-06-27 01:10:00,556.5215985,10040.698,57,19
2014-06-27 01:15:08,766.2373224,10147.118,47,18
2014-06-27 01:20:02,566.2677834,10079.166,51,19
2014-06-27 01:25:10,973.3180284,10073.017,54,17
2014-06-27 01:30:08,539.3547542,9930.464,45,19
2014-06-27 01:35:05,615.9965157,10003.155,59,19
2014-06-27 01:40:02,375.176263,1906.898,53,18
2014-06-27 01:45:06,618.2619122,10054.832,54,17
2014-06-27 01:50:15,901.876407,10039.772,55,19
2014-06-27 01:55:04,343.4429319,2077.97,60,18
2014-06-27 02:00:11,548.1397129,10123.383,46,19
2014-06-27 02:05:12,591.2279597,10084.864,49,19
2014-06-27 02:10:00,469.5585448,10016.192,54,19
2014-06-27 02:15:14,473.7435671,10073.132,51,17
2014-06-27 02:20:04,707.2738292,10004.843,47,19
2014-06-27 02:25:04,562.5187562,9962.24,52,19
2014-06-27 02:30:00,540.0398789,10029.525,54,19
2014-06-27 02:35:13,540.5306133,10012.808,45,19
2014-06-27 02:40:03,492.9466549,9956.548,62,19
2014-06-27 02:45:00,436.8025944,2807.449,52,18
2014-06-27 02:50:05,712.9057067,10186.87,58,19
2014-06-27 02:55:06,334.8587597,2195.236,46,17
2014-06-27 03:00:03,625.49444,10055.549,54,18
2014-06-27 03:05:11,401.076792,2138.301,57,17
2014-06-27 03:10:03,499.1757339,9816.093,50,18
2014-06-27 03:15:04,547.5535585,10080.798,57,19
2014-06-27 03:20:12,865.244874,10135.383,49,18
2014-06-27 03:25:06,567.469626,10140.99,58,18
2014-06-27 03:30:08,965.0329867,10111.229,51,19
2014-06-27 03:35:02,361.6987423,2127.318,54,18
2014-06-27 03:40:06,530.4602268,9872.074,53,19
2014-06-27 03:45:09,423.8183538,10037.968,64,19
2014-06-27 03:50:22,628.3745891,10042.131,49,19
2014-06-27 03:55:02,683.5348686,10100.856,49,18
2014-06-27 04:00:01,853.8531772,9976.005,60,19
2014-06-27 04:05:02,551.8014005,10061.439,49,17
2014-06-27 04:10:05,554.8940738,9991.649,60,19
2014-06-27 04:15:14,497.4146589,10148.658,64,19
2014-06-27 04:20:01,957.1628685,9978.677,56,18
2014-06-27 04:25:10,279.4852693,1622.2,52,18
2014-06-27 04:30:10,527.2466088,10033.688,50,19
2014-06-27 04:35:03,479.8944526,9930.94,58,18
2014-06-27 04:40:01,341.8055347,1571.284,45,17
2014-06-27 04:45:00,554.6031894,9932.774,60,19
2014-06-27 04:50:00,703.2112227,9992.59,58,19
2014-06-27 04:55:00,547.882032,10064.333,58,18
2014-06-27 05:00:05,492.6150287,9975.725,55,19
2014-06-27 05:05:14,533.2254198,9952.941,61,18
2014-06-27 05:10:00,559.4473847,9905.061,64,19
2014-06-27 05:15:23,340.9151269,2157.334,54,17
2014-06-27 05:20:05,493.1933915,10080.92,56,18
2014-06-27 05:25:03,655.9043113,10033.819,61,18
2014-06-27 05:30:01,453.8676629,9873.395,52,18
2014-06-27 05:35:03,570.6406746,9921.955,52,18
2014-06-27 05:40:02,529.4693113,9765.818,59,19
2014-06-27 05:45:00,660.9029295,10084.638,56,17
2014-06-27 05:50:01,618.4576491,10091.268,53,19
2014-06-27 05:55:00,445.7551208,3151.379,59,18
2014-06-27 06:00:00,480.5856297,10047.172,62,19
2014-06-27 06:05:01,523.013,10143.786,63,18
2014-06-27 06:10:03,883.5917553,10062.686,58,19
2014-06-27 06:15:07,691.4111025,10123.912,66,19
2014-06-27 06:20:01,530.2750539,9974.886,53,18
2014-06-27 06:25:02,830.3934196,10036.251,57,19
2014-06-27 06:30:01,562.6838817,10050.736,65,19
2014-06-27 06:35:05,451.1167893,9839.77,55,18
2014-06-27 06:40:00,527.6982603,10089.731,63,19
2014-06-27 06:45:08,563.6833024,10090.343,62,18
2014-06-27 06:50:02,408.6718975,2857.779,59,18
2014-06-27 06:55:03,574.2144416,10297.251,59,18
2014-06-27 07:00:02,648.3155843,10161.053,71,19
2014-06-27 07:05:00,514.68115,9824.02,63,19
2014-06-27 07:10:01,503.2283229,9938.375,62,19
2014-06-27 07:15:00,816.5468057,9952.594,59,19
2014-06-27 07:20:04,584.5365093,9989.778,61,18
2014-06-27 07:25:04,637.8653641,9920.432,61,19
2014-06-27 07:30:04,372.2580614,2609.932,60,17
2014-06-27 07:35:01,522.3382138,9760.921,56,19
2014-06-27 07:40:01,478.0364442,10110.113,64,18
2014-06-27 07:45:05,700.8820976,10162.821,59,19
2014-06-27 07:50:12,473.7801068,9916.752,57,19
2014-06-27 07:55:01,652.9904971,10067.213,60,16
2014-06-27 08:00:08,513.4210903,9927.315,73,19
2014-06-27 08:05:01,743.3039238,10027.249,80,18
2014-06-27 08:10:08,358.7341565,2632.82,59,18
2014-06-27 08:15:00,667.5852366,10221.039,69,19
2014-06-27 08:20:00,499.1616075,10019.443,68,18
2014-06-27 08:25:09,434.251547,3097.896,62,18
2014-06-27 08:30:12,438.2840414,9889.068,56,18
2014-06-27 08:35:08,623.5151362,10174.518,75,18
2014-06-27 08:40:03,409.6553791,2493.17,55,18
2014-06-27 08:45:01,779.4453453,10052.839,64,18
2014-06-27 08:50:06,533.1011948,9919.4,69,19
2014-06-27 08:55:00,1018.124882,10167.815,63,17
2014-06-27 09:00:05,336.0087307,2314.263,60,18
2014-06-27 09:05:01,638.7331442,10030.492,65,19
2014-06-27 09:10:00,330.4796991,1994.065,67,15
2014-06-27 09:15:01,434.4825245,9889.715,72,19
2014-06-27 09:20:01,492.7844926,10147.502,71,19
2014-06-27 09:25:01,533.5938284,10151.179,61,19
2014-06-27 09:30:00,568.9423798,10089.086,77,18
2014-06-27 09:35:00,601.2737934,10084.628,73,19
2014-06-27 09:40:02,431.1668999,10020.783,67,19
2014-06-27 09:45:17,352.9811149,2735.455,71,16
2014-06-27 09:50:02,674.0741424,10159.192,76,19
2014-06-27 09:55:01,445.2327066,9880.243,78,18
2014-06-27 10:00:04,489.9073921,9945.455,71,18
2014-06-27 10:05:03,485.0728331,10101.001,78,18
2014-06-27 10:10:04,489.7112853,10155.629,70,19
2014-06-27 10:15:05,648.8908526,10008.12,68,19
2014-06-27 10:20:01,374.5896577,2667.278,79,18
2014-06-27 10:25:01,471.7315976,9944.66,69,18
2014-06-27 10:30:00,628.8887984,10023.933,69,18
2014-06-27 10:35:07,543.9535497,10129.919,71,19
2014-06-27 10:40:17,638.9665185,10143.138,68,19
2014-06-27 10:45:07,351.713806,2173.75,67,17
2014-06-27 10:50:00,501.8871491,9946.664,75,18
2014-06-27 10:55:01,524.9044213,9886.061,61,19
2014-06-27 11:00:05,463.1983425,9831.042,82,19
2014-06-27 11:05:00,447.183431,10044.671,65,16
2014-06-27 11:10:04,768.6919282,10148.436,73,19
2014-06-27 11:15:03,514.6843597,9882.594,69,19
2014-06-27 11:20:02,333.7584597,1992.703,65,18
2014-06-27 11:25:01,530.7878381,10098.428,69,19
2014-06-27 11:30:00,250.9807865,1080.995,56,16
2014-06-27 11:35:00,661.6545367,10103.533,63,19
2014-06-27 11:40:02,526.0761824,9968.577,72,19
2014-06-27 11:45:00,875.7221811,10066.629,71,18
2014-06-27 11:50:05,339.8008687,2567.001,62,17
2014-06-27 11:55:03,805.6867964,9958.758,73,19
2014-06-27 12:00:03,448.7659738,10049.307,60,16
2014-06-27 12:05:02,512.5855273,10034.318,65,19
2014-06-27 12:10:05,675.4720176,10063.712,74,19
2014-06-27 12:15:02,492.4371852,9973.052,64,19
2014-06-27 12:20:00,477.5328504,10099.246,65,19
2014-06-27 12:25:03,487.7193576,10018.184,71,19
2014-06-27 12:30:01,456.6561519,10016.278,68,19
2014-06-27 12:35:10,417.5407962,9877.725,76,18
2014-06-27 12:40:01,456.1207517,10085.375,68,19
2014-06-27 12:45:08,538.0067605,9870.242,63,19
2014-06-27 12:50:01,596.8415139,10022.302,69,18
2014-06-27 12:55:05,628.5733724,10149.119,75,18
2014-06-27 13:00:05,546.0300144,10036.999,67,18
2014-06-27 13:05:07,430.9875337,10011.424,73,19
2014-06-27 13:10:01,493.8632513,9920.909,60,19
2014-06-27 13:15:02,631.6786224,10230.194,71,19
2014-06-27 13:20:04,543.8843101,10019.713,64,19
2014-06-27 13:25:04,294.3381179,1925.965,60,17
2014-06-27 13:30:01,709.0485554,10110.564,65,18
2014-06-27 13:35:02,484.5031904,9907.861,75,19
2014-06-27 13:40:05,457.7542953,10083.383,73,18
2014-06-27 13:45:01,457.7509306,9914.563,67,19
2014-06-27 13:50:03,493.8242942,9984.675,64,17
2014-06-27 13:55:06,495.8038369,10041.392,68,19
2014-06-27 14:00:02,433.3521539,10046.352,68,19
2014-06-27 14:05:07,501.5141049,10049.995,60,18
2014-06-27 14:10:03,438.3280562,9925.968,64,18
2014-06-27 14:15:09,426.537639,9944.147,68,19
2014-06-27 14:20:08,557.4341452,10015.041,74,19
2014-06-27 14:25:07,889.2114839,10089.292,53,17
2014-06-27 14:30:10,517.482096,10208.036,64,19
2014-06-27 14:35:08,388.353503,2720.224,66,18
2014-06-27 14:40:03,708.8527091,9993.861,67,19
2014-06-27 14:45:01,518.0526489,9994.759,66,19
2014-06-27 14:50:01,329.9824658,2672.367,64,18
2014-06-27 14:55:17,490.9586392,10065.554,68,18
2014-06-27 15:00:05,513.5110876,10124.8,67,19
2014-06-27 15:05:06,681.562687,10163.772,62,18
2014-06-27 15:10:07,491.5338514,9896.45,66,18
2014-06-27 15:15:03,625.2210416,9931.669,65,19
2014-06-27 15:20:03,440.3556023,9867.593,69,19
2014-06-27 15:25:00,474.2272455,9778.237,78,19
2014-06-27 15:30:01,525.7220423,9991.435,57,19
2014-06-27 15:35:03,522.6248707,9992.125,62,18
2014-06-27 15:40:00,563.1162339,10069.313,65,18
2014-06-27 15:45:02,539.6695148,9856.442,63,19
2014-06-27 15:50:02,670.5475461,10152.444,67,18
2014-06-27 15:55:01,337.1313171,2605.864,76,18
2014-06-27 16:00:00,614.4696949,10110.386,73,19
2014-06-27 16:05:00,817.3788011,9984.408,71,18
2014-06-27 16:10:10,451.7699861,10226.783,62,19
2014-06-27 16:15:02,520.5465186,9913.132,56,18
2014-06-27 16:20:01,573.4378174,10078.34,73,18
2014-06-27 16:25:08,585.7429193,9925.069,58,19
2014-06-27 16:30:02,542.4322096,9852.745,57,19
2014-06-27 16:35:05,667.7277706,9997.399,62,18
2014-06-27 16:40:05,847.9144917,10157.609,68,19
2014-06-27 16:45:00,479.9183472,10077.572,61,18
2014-06-27 16:50:09,864.4750405,10221.289,62,18
2014-06-27 16:55:02,525.1904172,9988.975,69,19
2014-06-27 17:00:02,492.1785635,10110.653,54,18
2014-06-27 17:05:12,979.9749681,10150.779,63,19
2014-06-27 17:10:01,682.9712701,10041.52,57,19
2014-06-27 17:15:02,647.9579121,9948.109,62,18
2014-06-27 17:20:01,532.9642556,9918.76,62,18
2014-06-27 17:25:12,774.5456307,10105.848,55,18
2014-06-27 17:30:01,500.4927012,10022.319,55,19
2014-06-27 17:35:01,398.7661007,2302.248,61,18
2014-06-27 17:40:01,576.2317916,9973.661,62,18
2014-06-27 17:45:05,696.3443356,10069.408,59,19
2014-06-27 17:50:10,426.9366688,10062.148,68,19
2014-06-27 17:55:13,463.0343692,10008.101,56,18
2014-06-27 18:00:11,753.6910279,10020.439,60,18
2014-06-27 18:05:10,569.8407077,9990.878,55,19
2014-06-27 18:10:01,393.4426532,2615.847,55,18
2014-06-27 18:15:10,571.6793602,9890.792,53,18
2014-06-27 18:20:04,470.1687345,10010.825,56,18
2014-06-27 18:25:11,584.324778,10142.239,54,17
2014-06-27 18:30:01,517.860728,9916.478,57,19
2014-06-27 18:35:02,324.6140365,2683.587,50,16
2014-06-27 18:40:00,485.4894359,10014.104,61,19
2014-06-27 18:45:01,596.8624197,9904.627,55,19
2014-06-27 18:50:03,975.0474172,10097.917,60,19
2014-06-27 18:55:05,556.7187244,10086.229,53,18
2014-06-27 19:00:07,737.8974332,10334.943,66,19
2014-06-27 19:05:17,517.8163684,9927.455,60,19
2014-06-27 19:10:00,654.5738582,9971.268,61,19
2014-06-27 19:15:04,890.3226333,9960.617,53,18
2014-06-27 19:20:12,886.7780416,10077.474,65,19
2014-06-27 19:25:01,479.9396098,9929.848,60,19
2014-06-27 19:30:05,650.250445,10076.267,67,19
2014-06-27 19:35:12,304.3362031,2648.045,49,18
2014-06-27 19:40:04,1000.965657,10075.231,49,19
2014-06-27 19:45:01,540.8811349,10206.417,52,17
2014-06-27 19:50:21,778.2178745,10138.568,61,19
2014-06-27 19:55:06,530.6117833,9819.239,54,19
2014-06-27 20:00:00,345.8588268,2182.912,57,18
2014-06-27 20:05:08,704.551907,10109.152,54,18
2014-06-27 20:10:03,451.537676,10121.249,62,19
2014-06-27 20:15:12,833.6938835,10086.46,48,18
2014-06-27 20:20:04,493.5527261,9947.89,63,19
2014-06-27 20:25:00,552.6638538,10055.913,47,19
2014-06-27 20:30:10,901.8820518,10146.593,59,19
2014-06-27 20:35:29,776.1940518,9984.79,46,18
2014-06-27 20:40:08,584.488894,10061.485,53,18
2014-06-27 20:45:07,533.1865442,9902.621,50,19
2014-06-27 20:50:02,807.1437129,9971.781,64,19
2014-06-27 20:55:03,445.8087023,9974.068,63,18
2014-06-27 21:00:03,615.7245398,9950.482,49,19
2014-06-27 21:05:00,629.7789516,9914.824,58,19
2014-06-27 21:10:04,670.7256961,9936.154,45,19
2014-06-27 21:15:05,306.7089451,2205.901,58,18
2014-06-27 21:20:01,682.3976831,9942.457,55,19
2014-06-27 21:25:04,323.7250937,2591.214,53,16
2014-06-27 21:30:02,780.6826613,10241.018,52,19
2014-06-27 21:35:08,556.9990365,9843.635,48,19
2014-06-27 21:40:05,371.7347545,1992.533,49,18
2014-06-27 21:45:02,740.1231689,9919.467,46,17
2014-06-27 21:50:11,849.233777,9912.807,56,19
2014-06-27 21:55:04,489.6631562,9922.32,53,17
2014-06-27 22:00:04,577.5619538,9885.022,53,19
2014-06-27 22:05:02,780.9054606,10080.474,53,18
2014-06-27 22:10:00,626.9179385,10060.723,54,19
2014-06-27 22:15:05,628.2847698,9892.387,52,19
2014-06-27 22:20:01,284.129722,2231.661,54,17
2014-06-27 22:25:01,495.1882502,10030.713,60,19
2014-06-27 22:30:15,512.2588494,10006.939,50,18
2014-06-27 22:35:04,692.0069444,9993.528,55,19
2014-06-27 22:40:14,835.3782263,10042.887,49,19
2014-06-27 22:45:05,553.5534833,10001.835,58,19
2014-06-27 22:50:00,599.875988,10096.314,48,19
2014-06-27 22:55:15,577.8431129,10010.845,50,19
2014-06-27 23:00:03,392.6323095,2458.663,52,18
2014-06-27 23:05:00,709.7874575,10121.702,53,18
2014-06-27 23:10:01,936.9482293,10018.798,54,19
2014-06-27 23:15:04,469.6508137,9878.74,58,18
2014-06-27 23:20:02,364.4929802,2440.473,56,17
2014-06-27 23:25:14,600.2700993,10302.756,47,19
2014-06-27 23:30:03,504.156282,10046.967,53,19
2014-06-27 23:35:01,365.8491447,2194.019,57,18
2014-06-27 23:40:07,507.5014398,9941.264,45,18
2014-06-27 23:45:15,611.2862252,9939.041,45,18
2014-06-27 23:50:04,642.8685898,10006.158,57,19
2014-06-27 23:55:15,359.4198256,1795.46,46,18
